{"polyfill":["/polyfill-1bcd6ad2df91ba82cb27.js"],"app":["/app-7738e35fc08e6de565dd.js"],"component---src-pages-404-js":["/component---src-pages-404-js-657a21f6a5e4f4baf95e.js"],"component---src-pages-index-js":["/component---src-pages-index-js-cffb6e7b48d4f923291c.js"],"component---src-pages-questions-js":["/component---src-pages-questions-js-298a424dcd8e388cda32.js"],"component---src-pages-resources-js":["/component---src-pages-resources-js-8422f08ab8e1c8f5b6d8.js"],"component---src-pages-services-js":["/component---src-pages-services-js-5ab0b8ed437b19df812b.js"]}