{"errors":[],"warnings":[],"namedChunkGroups":{"polyfill":{"chunks":[1,12],"assets":["webpack-runtime-c1e2e9beb5975c1d3e59.js","webpack-runtime-c1e2e9beb5975c1d3e59.js.map","polyfill-1bcd6ad2df91ba82cb27.js","polyfill-1bcd6ad2df91ba82cb27.js.map"],"children":{},"childAssets":{}},"app":{"chunks":[1,0,11,4,3],"assets":["webpack-runtime-c1e2e9beb5975c1d3e59.js","webpack-runtime-c1e2e9beb5975c1d3e59.js.map","styles.ff86d837a31cceb7c495.css","styles-407fe62976dc5310c43e.js","styles-407fe62976dc5310c43e.js.map","framework-66de6f443629588fba4e.js","framework-66de6f443629588fba4e.js.map","b637e9a5-da7a0a93484667ad53c2.js","b637e9a5-da7a0a93484667ad53c2.js.map","app-7738e35fc08e6de565dd.js","app-7738e35fc08e6de565dd.js.map"],"children":{},"childAssets":{}},"component---src-pages-404-js":{"chunks":[6],"assets":["component---src-pages-404-js-657a21f6a5e4f4baf95e.js","component---src-pages-404-js-657a21f6a5e4f4baf95e.js.map"],"children":{},"childAssets":{}},"component---src-pages-index-js":{"chunks":[0,2,5,7],"assets":["styles.ff86d837a31cceb7c495.css","styles-407fe62976dc5310c43e.js","styles-407fe62976dc5310c43e.js.map","a9a7754c-5ac4e5fdae9e9e4aa7f1.js","a9a7754c-5ac4e5fdae9e9e4aa7f1.js.map","cb1608f2-3399379a826c3304910b.js","cb1608f2-3399379a826c3304910b.js.map","component---src-pages-index-js-cffb6e7b48d4f923291c.js","component---src-pages-index-js-cffb6e7b48d4f923291c.js.map"],"children":{},"childAssets":{}},"component---src-pages-questions-js":{"chunks":[8],"assets":["component---src-pages-questions-js-298a424dcd8e388cda32.js","component---src-pages-questions-js-298a424dcd8e388cda32.js.map"],"children":{},"childAssets":{}},"component---src-pages-resources-js":{"chunks":[9],"assets":["component---src-pages-resources-js-8422f08ab8e1c8f5b6d8.js","component---src-pages-resources-js-8422f08ab8e1c8f5b6d8.js.map"],"children":{},"childAssets":{}},"component---src-pages-services-js":{"chunks":[10],"assets":["component---src-pages-services-js-5ab0b8ed437b19df812b.js","component---src-pages-services-js-5ab0b8ed437b19df812b.js.map"],"children":{},"childAssets":{}}},"assetsByChunkName":{"polyfill":["webpack-runtime-c1e2e9beb5975c1d3e59.js","polyfill-1bcd6ad2df91ba82cb27.js"],"app":["webpack-runtime-c1e2e9beb5975c1d3e59.js","styles.ff86d837a31cceb7c495.css","styles-407fe62976dc5310c43e.js","framework-66de6f443629588fba4e.js","b637e9a5-da7a0a93484667ad53c2.js","app-7738e35fc08e6de565dd.js"],"component---src-pages-404-js":["component---src-pages-404-js-657a21f6a5e4f4baf95e.js"],"component---src-pages-index-js":["styles.ff86d837a31cceb7c495.css","styles-407fe62976dc5310c43e.js","a9a7754c-5ac4e5fdae9e9e4aa7f1.js","cb1608f2-3399379a826c3304910b.js","component---src-pages-index-js-cffb6e7b48d4f923291c.js"],"component---src-pages-questions-js":["component---src-pages-questions-js-298a424dcd8e388cda32.js"],"component---src-pages-resources-js":["component---src-pages-resources-js-8422f08ab8e1c8f5b6d8.js"],"component---src-pages-services-js":["component---src-pages-services-js-5ab0b8ed437b19df812b.js"]}}